CUST_ID,BALANCE,PURCHASES
C10001,40.900749,95.4
C10002,3202.467416,0
C10003,2495.148862,773.17
C10004,1666.670542,1499
C10005,817.714335,16
C10006,1809.828751,1333.28
C10007,627.260806,7091.01
C10008,1823.652743,436.2
C10009,1014.926473,861.49
C10010,152.225975,1281.6